rmse, mse, pearson, spearman, ci
0.4879745893712263,0.2381192,0.8385657819945006,0.6914265059164121,0.8846353121320029